Python,Method,Size,mean,std
3.7.9,httpclient-naive,1000000128,895634732.8643795,479522.61703005154
3.7.9,requests-naive,1000000128,464911392.5895464,1280458.33568073
3.7.9,requests-stream-read,1000000128,1329014734.8530686,13663831.103853285
3.7.9,requests-stream-fp-read,1000000128,1390023305.7773178,4122446.78753866
3.7.9,urllib3-naive,1000000128,1386306294.678669,7911746.807115637
3.7.9,httpx-naive,1000000128,656401553.6401098,1147902.26043406
3.7.9,socket-read,1000000128,3246369319.6717234,7733357.325815077
3.7.9,socket-readinto,1000000128,1481370547.770453,1162371.2265198322
