python,method,size,mean,std
PyPy 7.3.1,httpclient-naive,1000000128,696434600.4759152,805558.4441892096
PyPy 7.3.1,requests-naive,1000000128,592692364.3865626,9985989.476242868
PyPy 7.3.1,requests-stream-read,1000000128,1106163243.5265093,4444814.817838534
PyPy 7.3.1,requests-stream-fp-read,1000000128,1110312703.2896512,879669.7648280525
PyPy 7.3.1,urllib3-naive,1000000128,742810500.5033938,1665978.231011602
PyPy 7.3.1,httpx-naive,1000000128,636193715.0691129,7977504.605631202
PyPy 7.3.1,socket-read,1000000128,975116707.7347714,603732.2845321365
PyPy 7.3.1,socket-readinto,1000000128,966841297.9730762,390600.5858178647
