Python,Method,Size,mean,std
3.6.12,httpclient,1000000128,897270068.2663639,317268.3204822349
3.6.12,requests,1000000128,512679077.1869276,733385.4156796192
3.6.12,requests-stream-read,1000000128,1334055010.2429903,16025187.747886816
3.6.12,requests-stream-fp-read,1000000128,1336782966.1116104,15098499.648184897
3.6.12,urllib3,1000000128,1347160465.645763,9836539.443125999
3.6.12,httpx,1000000128,642505088.7784718,730507.9791756304
3.6.12,socket-read,1000000128,3204292788.1019635,15329274.4222318
3.6.12,socket-readinto,1000000128,1468270061.9270897,1713580.6131812315
