python,method,size,mean,std
3.8.2,httpclient-naive,1000000128,891684325.3507493,684553.3872942248
3.8.2,requests-naive,1000000128,582759958.9114009,1122517.7016613411
3.8.2,requests-stream-read,1000000128,3189153199.8331437,16291480.059185183
3.8.2,requests-stream-fp-read,1000000128,3208681674.1683507,17125338.306849852
3.8.2,urllib3-naive,1000000128,3199451694.4564576,19429799.139064662
3.8.2,httpx-naive,1000000128,672965466.3670996,1192272.5023495036
3.8.2,socket-read,1000000128,3207232436.146781,16349997.477440549
3.8.2,socket-readinto,1000000128,1463545275.9007745,3196402.92493273
