Python,Method,Size,mean,std
3.9.0rc1,httpclient,1000000128,891817562.2110889,1015358.1576725984
3.9.0rc1,requests,1000000128,515829668.11884296,728854.521612554
3.9.0rc1,requests-stream-read,1000000128,3161039047.828696,24776050.52330834
3.9.0rc1,requests-stream-fp-read,1000000128,3165344055.963252,22520601.020590443
3.9.0rc1,urllib3,1000000128,3195988337.350736,16038512.5416459
3.9.0rc1,httpx,1000000128,640463555.741173,954710.7277057675
3.9.0rc1,socket-read,1000000128,3220416049.6828947,13865058.699036235
3.9.0rc1,socket-readinto,1000000128,1468975868.7655911,2378759.8274125326
